clientid;income;age;loan;default;
1;66155.92;59;8106.53;0;
2;34415.15;48;6564.74;0;
3;57317.17;63;8020.95;0;
4;42709.53;45;6103.64;0;
5;66952.68;18;8770.09;1;
6;24904.06;57;15.49;0;
7;48430.35;26;5722.58;0;
8;24500.14;32;2971;1;
9;40654.89;55;4755.82;0;
10;25075.87;39;1409.23;0;
11;64131.41;25;4351.02;0;
12;59436.84;60;9254.24;0;
13;61050.34;26;5893.26;0;
14;27267.99;61;4759.78;0;
15;63061.96;39;1850.36;0;
16;50501.72;-2;3977.28;0;
17;43548.65;39;3935.54;0;
18;43378.17;60;3277.73;0;
19;20542.36;61;3157.44;0;
20;58887.35;26;4965.51;0;
21;23000.78;31;1148.11;0;
22;32197.62;-5;4244.05;0;
23;23329.31;48;222.62;0;
24;27845.8;51;4959.92;0;
25;65301.98;48;5465.26;0;
26;47451.63;27;5361.28;0;
27;63287.03;-3;9595.28;0;
28;45727.45;55;6376.82;0;
29;59417.8;null;2082.62;0;
30;58842.89;54;10871.18;0;
31;48528.85;null;6155.78;0;
32;23526.3;null;2862.01;0;
33;67252.9;38;4221.3;0;
34;58886.85;38;7271.55;0;
35;57584.97;36;1728.42;0;
36;26289.97;20;341.14;0;
37;25952.38;58;2109.2;0;
38;32464.09;50;4326.7;0;
39;60921.06;18;968.83;0;
40;26578.53;32;3489.84;1;
41;66260.12;32;7035.58;0;
42;58787.45;62;4167.78;0;
43;62545.7;49;4362.9;0;
44;24381.95;25;4227.01;1;
45;67852.1;47;5730.58;0;
46;41725.61;18;1185.21;0;
47;41896.97;47;4892.2;0;
48;44379.72;50;1814.33;0;
49;28416.89;57;1788.97;0;
50;68427.16;46;1658.07;0;
51;35975.79;35;6610.36;0;
52;57596.35;29;3344.38;0;
53;29681.88;54;1745.87;0;
54;51656.93;47;7158.13;0;
55;24912.84;49;267.69;0;
56;47761.82;50;5549.79;0;
57;22248.17;23;4364.97;1;
58;29724.47;31;3075.34;0;
59;52143.82;20;2393.09;0;
60;56577.72;36;5947.42;0;
61;37660.77;53;2129.59;0;
62;37403.79;47;2044.04;0;
63;31652.69;62;5151.07;0;
64;32727.7;34;1087.91;0;
65;69078.6;25;4076.58;0;
66;40622.19;41;4949.9;0;
67;37521.01;60;8.01;0;
68;30735.8;22;5946.82;1;
69;24857.69;21;2692.16;0;
70;33180.2;49;4621.99;0;
71;66628.26;52;5992.88;0;
72;38564.93;21;5604.16;1;
73;33704.5;33;5898;1;
74;57018.48;44;3507.25;0;
75;40526.9;28;2119.98;0;
76;50827.98;51;1765.98;0;
77;40775.81;60;1922.61;0;
78;55467.15;56;9226.9;0;
79;38789.02;61;7650.65;0;
80;58074.84;50;7388.02;0;
81;57814.1;43;7252.12;0;
82;45190.72;53;7893.55;0;
83;36801.9;43;5406.34;0;
84;68811.77;24;4211.3;0;
85;30483.29;33;4514;1;
86;44930.39;19;7708.31;1;
87;43671.45;25;8066.69;1;
88;27612.91;19;1513.62;0;
89;53607.32;27;2378.76;0;
90;33036.68;25;958.97;0;
91;64275.83;61;7520.03;0;
92;30673.83;59;383.1;0;
93;58793.61;56;4391.98;0;
94;21053.49;63;754.6;0;
95;42095.42;55;1183.7;0;
96;50360.67;28;4217.16;0;
97;41970.72;63;1622.31;0;
98;51663.41;63;4147.88;0;
99;53601.81;20;9601.37;1;
100;43439.98;24;6879.3;1;
101;51461.05;36;7292.26;0;
102;41285.17;47;2313.82;0;
103;62895.74;49;2001.28;0;
104;57296.16;25;10601.08;1;
105;60844.09;45;12072.25;0;
106;47634.54;44;141.7;0;
107;23998.32;29;3928.3;1;
108;63391.61;34;190.88;0;
109;21534.55;44;228.33;0;
110;28255.65;35;2109.24;0;
111;36496.13;19;165.5;0;
112;41631.66;53;106.09;0;
113;68762.41;20;2796.75;0;
114;30075.26;29;2628.57;0;
115;41302.67;38;1379.91;0;
116;39703.75;47;2403.47;0;
117;63161.09;59;804.09;0;
118;63062.14;26;56.16;0;
119;34507.52;38;1793.75;0;
120;27954.7;29;1627.04;0;
121;37369.38;35;3783.6;0;
122;43912.06;23;7757.13;1;
123;22766.77;29;1429.4;0;
124;21603.3;21;178.33;0;
125;61952.9;18;3635.6;0;
126;36116.36;22;1494.98;0;
127;26157.77;22;2295.81;0;
128;26458.38;59;552.39;0;
129;69156.3;53;7364.73;0;
130;39441.44;46;1034.75;0;
131;60119.06;45;1810.96;0;
132;55613.48;24;4255.25;0;
133;37049.38;29;6056.81;1;
134;23122.06;53;4263.49;0;
135;48790.13;32;5519.09;0;
136;59132.68;48;4575.52;0;
137;55305.57;53;8176.7;0;
138;26037.46;24;3293.25;1;
139;64899.8;38;4654.24;0;
140;27089.12;21;5029.48;1;
141;45341.47;22;6525.21;1;
142;24865.79;37;4439.11;0;
143;28239.54;26;4189.83;1;
144;52730.08;50;5706.32;0;
145;28982.05;39;2898.76;0;
146;36221.26;26;5094.67;1;
147;33551.12;58;4333.36;0;
148;43891.35;49;5792.9;0;
149;45148.88;60;6455.39;0;
150;58481.01;40;5380.56;0;
151;69579.92;57;10868.24;0;
152;52743.3;44;2684.7;0;
153;65635.66;51;12701.6;0;
154;34559.9;29;3317.52;0;
155;60218.53;32;3157.96;0;
156;51689.54;46;9881.97;0;
157;47541.61;55;1611.21;0;
158;62905.79;27;11423.93;1;
159;65632.6;47;12498.04;0;
160;31847.85;41;2913.76;0;
161;27947.44;58;5514.11;0;
162;62246.72;31;406.72;0;
163;40154.68;60;6013.15;0;
164;58627.55;33;1215.65;0;
165;33441.05;27;5282.72;1;
166;55603.78;43;1411.13;0;
167;31046.37;29;4907.67;1;
168;44708.09;21;2390.85;0;
169;23340.27;42;2707.76;0;
170;24830.18;28;2046.68;0;
171;31422.74;53;1686.83;0;
172;60477.23;60;10711.7;0;
173;26039.02;49;2056.75;0;
174;36186.84;50;1130.73;0;
175;39772.11;43;5492.89;0;
176;34730.16;63;818.5;0;
177;23118.48;57;1746.93;0;
178;50072.84;33;8088.56;1;
179;67465.06;23;1802.61;0;
180;38625.63;19;5836.56;1;
181;45227.48;26;5521.5;1;
182;64901.89;44;9589.83;0;
183;40543.91;51;6507.85;0;
184;27793.26;60;382.24;0;
185;61167.77;20;10396.61;1;
186;64619.66;26;9704.78;1;
187;37593.75;54;7274.32;0;
188;35032.64;56;135.93;0;
189;58364.46;55;5809.89;0;
190;56945.81;45;6388.36;0;
191;27204.84;29;3827.89;1;
192;21648.26;52;3558.52;0;
193;31077.85;44;4452.33;0;
194;42522.92;53;6790.85;0;
195;31769.24;44;1148.22;0;
196;35556.77;23;6361.97;1;
197;52908.82;53;9841.08;0;
198;35045.13;28;2382.46;0;
199;44488.16;33;2751.08;0;
200;41679.93;53;395;0;
201;54619.94;52;10780.27;0;
202;38053.62;26;6110.57;1;
203;64718.66;37;1485.07;0;
204;43159.08;62;4350.01;0;
205;29445.51;28;1758.88;0;
206;25817.38;37;4115.48;0;
207;66356.85;61;10725.48;0;
208;56676.15;46;2278.55;0;
209;61000.04;48;2160.78;0;
210;58906.25;42;9290.57;0;
211;49589.15;42;2627.4;0;
212;40141.6;56;845.36;0;
213;31659.72;31;858.51;0;
214;62658.22;25;3343.36;0;
215;39264.48;37;5255.78;0;
216;46643.12;53;6440.86;0;
217;30515.37;20;415.24;0;
218;65077.32;50;11061.81;0;
219;60871.86;61;4844.17;0;
220;25011.1;36;3834.04;0;
221;68407.18;60;597.94;0;
222;43727.43;55;1170.55;0;
223;45788.74;41;5894.04;0;
224;65705.01;50;1969.79;0;
225;32434.7;41;2738.44;0;
226;58121.66;27;7531.1;1;
227;62498.5;31;3312.87;0;
228;26090.72;48;4255.62;0;
229;64780.93;20;8402.41;1;
230;65588.4;22;7879.73;1;
231;65743.7;52;7724.57;0;
232;37164.52;47;1445.8;0;
233;65176.52;48;2365.28;0;
234;34615.54;25;6476.76;1;
235;59079.46;58;10326.08;0;
236;56267.17;22;7329.24;1;
237;34862.82;54;6040.77;0;
238;60521.36;45;8035.88;0;
239;42276.78;57;8055.3;0;
240;38451.17;63;3441.26;0;
241;45985.1;53;7382.05;0;
242;51000.42;27;778.73;0;
243;31523.1;40;5174.57;0;
244;28648.67;18;1870.92;0;
245;27514.42;21;3400.91;1;
246;27441;37;1455.04;0;
247;67709.24;50;5136.81;0;
248;38600.7;44;2749.08;0;
249;30950.29;26;5043.14;1;
250;27083.82;60;3286.21;0;
251;21512.74;24;2453.37;0;
252;34796;58;443.66;0;
253;27089.39;51;1851.31;0;
254;25259.4;39;4341;0;
255;47007.31;45;4069.4;0;
256;20358.66;53;1064.68;0;
257;67900.22;43;7902.74;0;
258;54418.47;55;5630.74;0;
259;51288.55;29;6536.96;1;
260;28199.6;36;3871.68;0;
261;22199.61;60;1498.39;0;
262;50514.46;57;2003.65;0;
263;34414.24;54;617.53;0;
264;37633.08;29;868.16;0;
265;55235.5;47;4910.54;0;
266;45587.55;62;8366.61;0;
267;52757.79;53;2321.2;0;
268;41174.8;52;2888.44;0;
269;25685.53;39;490.74;0;
270;28145.3;55;4805.97;0;
271;52094.21;40;495.02;0;
272;33552.38;25;6054.24;1;
273;37400.93;50;1693.13;0;
274;21605.72;23;2828.3;1;
275;57562.89;56;8508.83;0;
276;62288.53;25;10657.1;1;
277;22767.26;45;1205.78;0;
278;20943.04;19;4098.11;1;
279;20622.86;30;3518.45;1;
280;48436.66;49;5851.4;0;
281;27574.63;57;1017.39;0;
282;62889.36;33;6525.15;0;
283;37683.2;55;7414.55;0;
284;54974.45;61;8922.19;0;
285;56326.08;40;4816.77;0;
286;65670.88;50;3950.87;0;
287;50730.73;41;1879.05;0;
288;64184.91;46;1854.23;0;
289;66179.32;48;3646.93;0;
290;24969.52;45;3595.5;0;
291;54925.51;40;554.48;0;
292;67879.24;43;10433.47;0;
293;67787.52;53;9607.49;0;
294;31657.61;37;1448.07;0;
295;36559.13;19;3030.26;0;
296;57787.56;22;6339.85;0;
297;42521.72;47;2661.61;0;
298;51935.18;21;5649.45;0;
299;45677.87;51;2966.24;0;
300;51363.59;21;761.42;0;
301;27218.56;55;4145;0;
302;43677.62;32;6739.85;1;
303;21533.59;57;1971.55;0;
304;28010.19;55;3971.15;0;
305;51589.28;50;56.99;0;
306;50480.95;27;8831.18;1;
307;43957.35;21;5416.35;1;
308;61878.34;33;567.66;0;
309;60153.33;20;6472.34;0;
310;33388.58;62;4551.87;0;
311;41310.4;53;4481.16;0;
312;25576.95;51;1922.65;0;
313;51455.09;37;9447.11;0;
314;48134.15;47;2075.59;0;
315;51348.52;52;1507.89;0;
316;20532.82;54;1897.78;0;
317;33297.21;46;3674.74;0;
318;55858.54;25;5630.44;0;
319;43777.51;20;3601.29;0;
320;27789.51;58;186.82;0;
321;36132.42;34;99.44;0;
322;20145.98;21;839.83;0;
323;63108.7;43;5757.84;0;
324;26581.61;61;5090.39;0;
325;62040.88;62;7643.63;0;
326;69958.7;30;8755.69;1;
327;38082.51;45;4213.46;0;
328;45183.05;33;5953.45;1;
329;36242.44;39;5688.99;0;
330;44527.25;42;4588.47;0;
331;40496.25;20;4834.6;0;
332;24698.66;48;2427.65;0;
333;60560.3;49;1994.62;0;
334;48018.21;50;6120.09;0;
335;30216.25;26;2116.53;0;
336;61742.23;44;8068.31;0;
337;47288.42;62;4004.98;0;
338;24658.89;59;590.59;0;
339;64644.34;58;9848.17;0;
340;57517.72;52;4536.85;0;
341;52945.54;54;6262;0;
342;36366.99;47;371.04;0;
343;62113.72;27;11928.5;1;
344;62279.51;26;6801.4;0;
345;61799.08;56;5619.21;0;
346;50139.74;30;7758.79;1;
347;69566.68;52;9875.03;0;
348;44897.48;51;5732.39;0;
349;22572.3;51;724.19;0;
350;37123.07;19;5659.5;1;
351;68744.78;60;5207.88;0;
352;21081.19;52;2395.16;0;
353;58828.29;32;5947.64;0;
354;46706.45;18;7084.26;1;
355;32312.85;28;228.33;0;
356;60778.76;43;10021.04;0;
357;30948.04;42;3995.8;0;
358;60122.01;62;7189.35;0;
359;43321.68;32;743.86;0;
360;47904.34;40;6183.51;0;
361;58597.38;53;2588.49;0;
362;66091.9;24;8743.5;1;
363;47316.7;27;1940.67;0;
364;40872.63;54;5312.49;0;
365;35154.49;52;4037.71;0;
366;32222.81;61;934.47;0;
367;40447.67;22;1072.19;0;
368;48463.2;50;8120.25;0;
369;42843.09;28;839.86;0;
370;50310.42;53;8361.71;0;
371;57565.19;37;5353.56;0;
372;55066.18;55;9332.7;0;
373;46065.94;52;4947.3;0;
374;38309.58;55;3545.72;0;
375;54472.14;59;10836.38;0;
376;58695.09;29;1826.51;0;
377;54748.91;31;5438.09;0;
378;46328.17;56;7879.67;0;
379;49633.32;38;7915.31;0;
380;66339.78;35;2350.89;0;
381;62650.71;33;6425.36;0;
382;27646.78;56;3132.14;0;
383;21437.61;45;2563.96;0;
384;50648.19;56;7110.75;0;
385;29670.67;53;2928.98;0;
386;20258.53;29;2767.83;1;
387;34475.21;42;3162.13;0;
388;28926.43;62;750.06;0;
389;20660.66;49;1756.03;0;
390;24987.93;49;3946.89;0;
391;29672.56;51;607.9;0;
392;23241.59;40;457.19;0;
393;24217.22;23;2104.38;0;
394;65574.09;23;3031.24;0;
395;55994.45;31;680.61;0;
396;67369.33;57;2299.41;0;
397;23305.77;28;4521;1;
398;35195.46;49;2836.98;0;
399;27135.07;54;1387.24;0;
400;24037.16;23;2469.36;0;
401;51625.31;44;4592.24;0;
402;50705.76;53;1096.96;0;
403;58079.15;18;11540.04;1;
404;62192.46;46;1863.89;0;
405;62553.66;63;4641.7;0;
406;68147.95;22;12307.56;1;
407;27619.66;47;2774.83;0;
408;65330.19;28;4030.8;0;
409;26680.14;47;1671.18;0;
410;46104.59;51;2342.47;0;
411;44904.59;44;4953.77;0;
412;52934.59;50;3248.62;0;
413;43509.75;18;7363.03;1;
414;22118.35;63;3928.12;0;
415;56275.41;30;2224.88;0;
416;48630.97;27;5862.83;1;
417;64272.69;37;4929.87;0;
418;24349;53;3890.47;0;
419;34332.31;36;1225.72;0;
420;64940.24;43;8196.93;0;
421;30595.74;40;3495.06;0;
422;53422.21;28;7441.75;1;
423;69995.68;52;2084.37;0;
424;48270.79;45;6232.28;0;
425;27028.15;48;331.36;0;
426;23519.86;34;2368.38;0;
427;37302.08;35;2366.17;0;
428;55601.27;18;10533.45;1;
429;62678.64;25;333.44;0;
430;41602.43;25;7005.07;1;
431;27533;46;1551.42;0;
432;30594.17;50;118.34;0;
433;47846.94;24;3713.26;0;
434;55273.27;25;10282.99;1;
435;23086.25;24;1256.4;0;
436;29621.27;32;5575.25;1;
437;47533.92;39;6637.77;0;
438;62519.18;44;2324.54;0;
439;50878.95;44;3257.01;0;
440;58580.95;56;4317.71;0;
441;69445.64;28;10643.4;1;
442;60929.17;60;11146.07;0;
443;35496.66;47;168.05;0;
444;33572.42;57;3369.37;0;
445;55306.91;20;5272.53;0;
446;34141.92;47;3371.66;0;
447;40453.89;20;890.93;0;
448;69088.77;53;11246.48;0;
449;30885.69;55;5216.35;0;
450;58683.22;24;271.73;0;
451;60675.81;39;11617.74;0;
452;68460.68;35;949.95;0;
453;63653.83;27;8866.52;1;
454;42522.57;18;5036.25;0;
455;54140.42;30;7896.22;1;
456;47548.36;47;6153.93;0;
457;24114.01;52;3900.82;0;
458;20686.23;33;3052.57;1;
459;21412.3;26;2639.71;1;
460;69391.14;63;2550.26;0;
461;32319.26;42;2733.42;0;
462;52862.94;47;9754.15;0;
463;48383.27;39;2763.26;0;
464;36430.53;38;5855.18;0;
465;44268.89;27;6043.14;1;
466;63806.32;56;114.49;0;
467;46195.77;32;927.06;0;
468;23743.16;42;3254.74;0;
469;22089.83;21;2584.02;0;
470;54707.28;44;10255.19;0;
471;23203.64;58;749.14;0;
472;25342.25;40;871.53;0;
473;31645.63;32;5193.83;1;
474;32306.8;21;3603.36;0;
475;61262.81;49;5564.16;0;
476;26388.72;19;1191.33;0;
477;53009.42;36;3589.25;0;
478;58163.54;58;2237.92;0;
479;38665.03;55;6152;0;
480;25289.04;53;3701.53;0;
481;66049.93;29;13172.68;1;
482;56282.98;62;8215.55;0;
483;35778.61;30;5544.65;1;
484;29174.24;18;665.57;0;
485;55934.43;60;5643.17;0;
486;32256.86;20;2809.32;0;
487;68052.8;28;1415.71;0;
488;26957.05;55;4172.98;0;
489;48685.04;32;9698.58;1;
490;38288.07;28;1723.39;0;
491;42468.02;28;1902.26;0;
492;55377.77;46;6882.87;0;
493;54231.7;21;10156.14;1;
494;53283.25;49;4065.21;0;
495;52534.78;47;3810.13;0;
496;47847.51;26;8494.01;1;
497;59998.25;54;4659.53;0;
498;58684.51;31;5415.81;0;
499;49114.78;61;6388.85;0;
500;57179.4;21;2991.96;0;
501;69395.11;23;11047.68;1;
502;43963.73;41;4481.43;0;
503;66326.47;40;5602.16;0;
504;35886.72;34;843.74;0;
505;35578.23;42;3640.84;0;
506;48689;36;3859.47;0;
507;56510.83;47;9255.43;0;
508;50275.89;41;5541.82;0;
509;56665.49;61;11159.79;0;
510;42912.09;60;4550.12;0;
511;22169.72;36;947.19;0;
512;35919.8;27;1227.1;0;
513;61987.68;27;2618.24;0;
514;30044.68;49;1428.43;0;
515;61528.27;55;10897.9;0;
516;31196.49;47;987.26;0;
517;66003.95;33;11207.49;1;
518;56960.67;25;4856.48;0;
519;41315.1;57;1378.9;0;
520;64913.34;26;9781.32;1;
521;32804.9;62;4961.25;0;
522;25789.2;26;2410.27;0;
523;31908.35;38;1857.46;0;
524;56050.3;23;6870.83;1;
525;66505.77;25;6571.19;0;
526;57504.07;55;8107.26;0;
527;44619.11;59;2474.97;0;
528;21158.93;54;3562.3;0;
529;22765.19;20;540.61;0;
530;25052.82;45;3367.7;0;
531;61006.1;54;5850.77;0;
532;62321.24;45;10649.07;0;
533;49604.54;51;7045.91;0;
534;48433.37;28;789.63;0;
535;57590.28;19;7676.31;1;
536;62691.7;25;8244.74;1;
537;51121.65;58;6471.62;0;
538;22516.54;55;4267.45;0;
539;60857.23;37;10486.74;0;
540;62908.35;51;3213.89;0;
541;49665.63;50;2713.88;0;
542;65322.8;41;2739.71;0;
543;20598.92;35;3872.4;0;
544;55476.65;52;4733.5;0;
545;26218.49;18;3343.81;1;
546;40794.87;38;6519.43;0;
547;53719.65;42;1670.73;0;
548;20715.53;27;369.52;0;
549;57163.85;53;577.53;0;
550;33751.2;25;6494.18;1;
551;44832.56;32;1256.25;0;
552;51035.63;58;2889.88;0;
553;53493.48;21;5030.82;0;
554;58205.67;56;10035.6;0;
555;47439.94;22;7896.35;1;
556;47586.22;42;3343.05;0;
557;26100.85;62;960.13;0;
558;45326.4;59;5142.11;0;
559;24391.75;47;2198.14;0;
560;53741.37;49;6513.15;0;
561;40053.72;27;44.52;0;
562;53033.86;38;10427.47;0;
563;25176.5;53;3064.71;0;
564;31210.84;54;3853.08;0;
565;23532.27;59;1077.84;0;
566;63776.77;43;6697.97;0;
567;52278.76;45;4269.13;0;
568;56015.81;32;2275.76;0;
569;56110.93;62;9351;0;
570;57856.8;33;8824.16;1;
571;30187.09;28;4462.82;1;
572;30786.87;47;3563.31;0;
573;22279.29;58;3141.33;0;
574;42476.26;46;8334.18;0;
575;58147.79;34;3951.18;0;
576;36266.21;55;3206.92;0;
577;39045.49;27;1165.49;0;
578;64467.8;63;521.57;0;
579;36594.8;60;3492.33;0;
580;58797.76;53;8892.96;0;
581;66653.27;19;5180.71;0;
582;48271.49;21;6077.68;1;
583;30991.43;34;4589.26;1;
584;45446.51;19;8474.98;1;
585;37142.73;50;161.23;0;
586;58320.8;20;10033.49;1;
587;24825.54;54;3650.19;0;
588;20511.42;27;931.79;0;
589;48326.32;35;7168.7;0;
590;55441.35;48;10768.74;0;
591;60496.9;33;1115.15;0;
592;25296.15;44;1320.46;0;
593;50414.32;56;2468.17;0;
594;67984.04;27;1642.96;0;
595;50382.39;57;9183.84;0;
596;49413.29;18;2554.04;0;
597;61464.82;36;5099.08;0;
598;53784.04;24;2761.85;0;
599;35993.28;41;901.92;0;
600;63402;47;7530.76;0;
601;40484.97;39;1093.67;0;
602;26168.01;41;3040.98;0;
603;60044.28;61;6823.43;0;
604;23984.55;51;4622.27;0;
605;40359.7;32;1783.69;0;
606;33583.89;62;1251.86;0;
607;68038.79;62;10108.79;0;
608;45652.05;53;5408.21;0;
609;34399.2;31;6019.83;1;
610;57628.43;23;5021.63;0;
611;24294.67;22;4360.05;1;
612;52218.88;37;9792.09;0;
613;50061.76;55;6145.13;0;
614;49352.27;57;3362.77;0;
615;21087.35;49;3353.69;0;
616;23812.25;42;2716.65;0;
617;49395.16;41;5927.57;0;
618;33338.94;46;2929.85;0;
619;29668.32;38;2042.43;0;
620;45936.59;41;8525.23;0;
621;55948.06;40;8569.22;0;
622;53239.5;63;4606.15;0;
623;43694.03;49;5049.63;0;
624;24078.07;38;3276.13;0;
625;50258.55;22;1086.24;0;
626;41816.65;48;4534.57;0;
627;36892.71;54;6463.64;0;
628;23886.56;34;4440.41;1;
629;48757.76;23;1833.58;0;
630;34601.68;33;2430.1;0;
631;52986;50;4928.6;0;
632;50740.95;21;784.57;0;
633;53096.99;36;2663.05;0;
634;38500;53;7571.68;0;
635;41004.26;55;1016.14;0;
636;63585.36;49;1594.97;0;
637;31823.68;30;2290.43;0;
638;26242.63;32;1801.22;0;
639;63531.24;19;6917.5;0;
640;64751.14;53;2289.85;0;
641;31091.27;50;4071.08;0;
642;66871.26;62;3614.26;0;
643;25098.65;51;2611.84;0;
644;33720.58;47;1365.95;0;
645;28182.52;25;2285.95;0;
646;27334.56;42;2963.79;0;
647;68694.84;23;12731.89;1;
648;46195.62;26;2888.63;0;
649;34488.2;27;2156.31;0;
650;57827.66;23;10816.75;1;
651;20346.46;35;656.03;0;
652;60480.97;53;3216.09;0;
653;51915.67;44;2282.91;0;
654;54625.5;31;8619.74;1;
655;48305.42;55;4833.47;0;
656;28577.96;21;1639.22;0;
657;53400.82;58;10418.19;0;
658;43414.48;44;7170.94;0;
659;47526.23;57;8957.33;0;
660;46082.07;55;2921.23;0;
661;32195.59;62;4980.01;0;
662;49067.09;60;7258.96;0;
663;21293.47;42;1368.69;0;
664;52100.91;23;4767.27;0;
665;48334.38;53;2234.44;0;
666;58507.62;48;694.13;0;
667;27521.04;35;2699.85;0;
668;63914.22;26;139.31;0;
669;28598.83;52;524.2;0;
670;23298.46;48;1741.18;0;
671;35697.55;51;2907.95;0;
672;40376.16;38;3901.93;0;
673;56534.96;27;2161.08;0;
674;36088.93;41;6222.41;0;
675;34158.63;29;2911.4;0;
676;29732.05;38;3485.01;0;
677;41736.2;34;7602.61;1;
678;42236.45;24;4749.06;0;
679;28796.85;44;706.22;0;
680;55097.38;33;9342.47;1;
681;40916.56;48;5219.8;0;
682;20908.33;28;3133.62;1;
683;57999.77;62;859.58;0;
684;57746.58;63;727.19;0;
685;55116.23;41;10284.6;0;
686;57765.52;43;5445.22;0;
687;45200.99;43;7335.96;0;
688;42435.18;51;2766.28;0;
689;46365.57;41;5443.27;0;
690;57187.7;59;9390.67;0;
691;66539.92;57;12129.08;0;
692;25244.72;53;1278.99;0;
693;54780.34;61;8134.22;0;
694;59253.12;36;7327.28;0;
695;48540.34;21;1012.93;0;
696;30415.1;22;4362.08;1;
697;48768.69;25;500.59;0;
698;52299.21;18;7880.68;1;
699;42242.48;34;2070.37;0;
700;28218.96;42;1305.08;0;
701;40208.13;61;459.03;0;
702;61419.67;30;9921.67;1;
703;51282.5;26;8445.38;1;
704;36017.9;43;1526.39;0;
705;57575;33;9857.22;1;
706;53330.76;42;2343.49;0;
707;39834.51;63;699.95;0;
708;62469.42;24;7286.55;0;
709;40334.61;45;6808.86;0;
710;47542.8;40;9448.2;0;
711;55883.62;27;974.56;0;
712;29163.01;43;1469.12;0;
713;47786.14;29;7181.47;1;
714;29736.31;35;657.04;0;
715;50831.42;24;9572.58;1;
716;62030.04;46;7572.56;0;
717;54049.01;54;4569.64;0;
718;34336.01;35;3441.64;0;
719;31895.71;48;3423.34;0;
720;51894.54;59;6579.53;0;
721;37616.71;53;5732.24;0;
722;22076.94;56;3948.14;0;
723;56252.95;57;7327.07;0;
724;26316.75;37;923.02;0;
725;23120.87;40;1417.84;0;
726;39033.03;59;5757.89;0;
727;32420.81;32;1494.21;0;
728;68827.24;25;1049.17;0;
729;58092.2;41;5277.74;0;
730;43538.85;46;8523.9;0;
731;64040.48;59;5408.72;0;
732;34395.22;25;2089.73;0;
733;57405.51;45;6914.75;0;
734;22581.13;40;34.28;0;
735;27952.94;42;3965.25;0;
736;54022.91;26;10641.45;1;
737;63546.16;44;6170.23;0;
738;60713.43;56;396.23;0;
739;44519.32;32;1446.46;0;
740;40997.79;55;7908.33;0;
741;63661.38;25;6095.3;0;
742;34429.14;39;2240.27;0;
743;29181.86;48;2529.61;0;
744;52510.43;40;1858.3;0;
745;37536.34;25;2634.35;0;
746;35683.74;44;4337.82;0;
747;45622.29;41;528.18;0;
748;67385.4;29;6747.23;0;
749;69411.79;47;12176.78;0;
750;48322.51;29;7732.69;1;
751;40836.58;22;6994.48;1;
752;38035.95;60;4298.7;0;
753;42696.97;44;222.19;0;
754;24181.69;22;1529.01;0;
755;33194.4;51;6615.38;0;
756;32541.46;34;780.83;0;
757;38381.41;54;322.72;0;
758;25921.91;58;5104.74;0;
759;58810.97;22;9099.72;1;
760;63025.74;56;2956.97;0;
761;29954;61;5774.07;0;
762;40641.52;37;5042.32;0;
763;43940.91;38;2855.37;0;
764;65166.97;25;8859.08;1;
765;58820.38;30;530.65;0;
766;50719.76;43;4770.93;0;
767;46766.59;47;2383.4;0;
768;67520.75;45;13041.77;0;
769;28386.25;31;1718.94;0;
770;68276.03;34;4842.07;0;
771;30731.72;40;1129.56;0;
772;30012.25;54;3972.15;0;
773;38075.31;53;6928.94;0;
774;55932.39;44;4876.36;0;
775;27966.24;53;4445.2;0;
776;53825.53;49;5272.8;0;
777;65451.49;60;8129.04;0;
778;39473.99;42;6034.15;0;
779;42344.8;47;6800.24;0;
780;36112.87;60;3737.21;0;
781;32720.5;33;4367.26;1;
782;27973.82;49;403.4;0;
783;21306.03;35;3791.02;0;
784;36029.3;52;2928.1;0;
785;48457.96;22;8108.17;1;
786;46038.51;39;6868.98;0;
787;34247.15;34;6458.79;1;
788;64247.61;31;4513.2;0;
789;62109.76;41;2816.43;0;
790;21481.8;19;1137.65;0;
791;20762.47;25;2385.22;0;
792;33756.52;40;1169.83;0;
793;54325.8;29;6978.52;1;
794;33197.8;59;3993.14;0;
795;56846.47;30;5268.22;0;
796;26542.93;45;4233.08;0;
797;53200.54;59;3090.47;0;
798;38073.4;32;2284;0;
799;43937.21;56;3213.54;0;
800;49284.81;51;493.58;0;
801;22869.32;25;527.55;0;
802;60113.34;40;8253.38;0;
803;23613.25;32;2469.23;0;
804;68755.09;53;10990.53;0;
805;26449.32;46;2952.12;0;
806;42855.41;47;4923.81;0;
807;25686.77;35;3728.39;0;
808;67125.64;36;7482.06;0;
809;27427.78;59;719.94;0;
810;37145.57;53;1510.73;0;
811;41702.6;41;6105.72;0;
812;20710.77;49;3960.71;0;
813;39124.16;44;401.32;0;
814;32834.64;60;4184.57;0;
815;26267.22;58;1136.11;0;
816;41254.22;28;6993.04;1;
817;38268.69;30;2522.05;0;
818;37087.26;57;6391.15;0;
819;38458.13;55;3644.3;0;
820;40185.77;31;1002.34;0;
821;65481.94;45;10614.24;0;
822;57426.68;20;2461.97;0;
823;47903.31;46;4283.22;0;
824;34222.18;52;3582.15;0;
825;28481.26;47;5302.17;0;
826;43069.65;41;4091.56;0;
827;33093.96;33;3852.99;0;
828;61363.85;62;9636.8;0;
829;68100.73;47;8124.59;0;
830;50551.48;56;5262.61;0;
831;54421.05;22;6229.83;0;
832;32152.45;57;3550.58;0;
833;40230.97;58;745.19;0;
834;53483.37;29;1459.66;0;
835;65137.93;42;10352.18;0;
836;29496.59;54;2216.97;0;
837;45181.93;48;2243.15;0;
838;24994.77;34;51.64;0;
839;54820.97;20;10070.94;1;
840;62955.6;29;207.54;0;
841;52956.24;25;959.09;0;
842;40366.2;32;7410.79;1;
843;60005.01;40;10677.66;0;
844;37598.38;54;3641.8;0;
845;61323;60;8699.94;0;
846;21243.93;57;3438.97;0;
847;62111.43;25;499.2;0;
848;56524.87;54;5296.94;0;
849;51718.13;34;1036.61;0;
850;43205.63;23;4835.27;0;
851;26934.19;35;4113.29;0;
852;68966.82;54;6690.63;0;
853;31527.34;59;2062.71;0;
854;46839.06;28;1498.2;0;
855;32151.29;42;4601.94;0;
856;40831.8;47;6429.59;0;
857;30868.8;58;4618.39;0;
858;62988.82;32;6924.9;0;
859;65496.76;61;11805.55;0;
860;63032.62;24;390.33;0;
861;27287.07;18;4509.88;1;
862;44299.37;24;5154.9;0;
863;44091.34;30;1664.1;0;
864;26617.03;28;2727.24;0;
865;21856.23;47;1500.65;0;
866;28072.6;54;1.37;0;
867;35950.48;35;2664.92;0;
868;28982.11;35;1440.49;0;
869;51790.72;41;1281.03;0;
870;65000.81;21;1114.91;0;
871;29761.04;21;3748.25;1;
872;23081.45;53;257.66;0;
873;60016.74;22;1522.64;0;
874;54619.15;53;901.27;0;
875;66274.2;36;10257.91;0;
876;49380.65;45;5425.28;0;
877;46283.06;48;2166.12;0;
878;25554.69;42;4229.91;0;
879;36680.18;22;4849.33;1;
880;30383.67;46;2153.6;0;
881;67730.44;26;8881.58;1;
882;36446.72;40;2927.67;0;
883;33648.73;60;1498.16;0;
884;53852.79;42;2089.9;0;
885;61298.21;48;9399.5;0;
886;69465.74;20;7983.7;0;
887;39102.04;29;4200.69;0;
888;29366.58;22;4049.25;1;
889;67949.73;34;1790.34;0;
890;29468.85;22;3703.95;1;
891;56839.4;36;9004.8;0;
892;38277.93;44;7405.8;0;
893;49664.27;39;5571.45;0;
894;49972.01;32;763.95;0;
895;27356.8;63;2983.58;0;
896;36840.6;36;6557.94;0;
897;51438.81;46;6898.78;0;
898;40614.72;20;2649.69;0;
899;56738.63;63;3210.8;0;
900;68004.68;41;2698.04;0;
901;44458.63;52;1456.23;0;
902;66801.19;19;288.64;0;
903;48991.85;18;7453.26;1;
904;69430.93;58;2648.22;0;
905;27989.11;27;1770.81;0;
906;67675.8;37;4396.07;0;
907;47985.72;33;8801.61;1;
908;43388.2;35;7007.15;0;
909;63182.45;25;3493.22;0;
910;20568.89;25;2257.06;0;
911;25833.71;19;3716.25;1;
912;23087.3;37;423.41;0;
913;36124.71;25;6485.05;1;
914;57330.61;44;1058.03;0;
915;47240.25;55;4286.34;0;
916;55730.62;55;9286.35;0;
917;61660.4;48;1684.52;0;
918;49746.88;29;7354.12;1;
919;23973.68;55;95.46;0;
920;28085.47;45;4431.28;0;
921;33585.47;60;3933.88;0;
922;44179.38;51;5888.37;0;
923;56025.41;29;4341.62;0;
924;49369.7;51;109.37;0;
925;26889.36;62;675.71;0;
926;30873.21;38;4076.87;0;
927;30608.94;46;2632.55;0;
928;54878.08;42;1504.47;0;
929;32423.8;63;2961.95;0;
930;46608.36;20;1521.86;0;
931;65689.18;28;255.07;0;
932;49054.86;54;1102.24;0;
933;20310.57;54;1279.11;0;
934;66423.39;18;1066.21;0;
935;45783.15;63;7492.9;0;
936;62887.76;42;6849.48;0;
937;51088.21;52;9097.11;0;
938;66217.94;19;745.07;0;
939;62799.75;35;6752.58;0;
940;45789.48;36;4545.15;0;
941;59727.4;50;5203.32;0;
942;35513.58;60;6983.36;0;
943;29178.97;63;1664.38;0;
944;67501.69;49;7589.75;0;
945;66255.02;28;7475.21;0;
946;63558.86;36;9282.92;0;
947;63441.71;18;3119.41;0;
948;64983.15;27;9109.77;1;
949;56946.64;55;11175.84;0;
950;52349.87;35;5181.84;0;
951;31473.45;27;797.34;0;
952;59267.33;34;5085.31;0;
953;66809.17;31;1316.18;0;
954;48083.31;39;9193.09;0;
955;20629.34;28;3310.41;1;
956;25363.33;31;3946;1;
957;28873.67;62;2224.46;0;
958;41430.85;33;5719.27;1;
959;53612.13;23;5976.89;0;
960;51555.74;57;9217.68;0;
961;46564.37;50;599.83;0;
962;61200.42;19;406.85;0;
963;29307.32;61;481.84;0;
964;67687.18;20;10506.32;1;
965;52565.06;55;372.97;0;
966;52920.14;20;9521.76;1;
967;34981.36;23;5502.73;1;
968;65210.83;27;12607.95;1;
969;60016.07;54;2857;0;
970;23066.96;33;1933.35;0;
971;52603.87;43;2043.08;0;
972;20111.36;53;1745.37;0;
973;32759.7;43;5211.32;0;
974;30578.02;55;3010.35;0;
975;21211.58;32;931.78;0;
976;53746.32;29;9534.66;1;
977;45214.1;18;1779.72;0;
978;58465.04;20;11417.06;1;
979;54422.97;58;444.61;0;
980;62842.06;62;107.59;0;
981;53005.13;45;2539.33;0;
982;40749.02;26;6207.18;1;
983;49804.41;20;7235.19;1;
984;37277.24;26;6289.25;1;
985;46883.2;30;6342.56;1;
986;31763.36;35;3489.4;0;
987;61013.18;24;1791.54;0;
988;41285.35;22;532.1;0;
989;39133.89;21;433.45;0;
990;62171.8;24;1035.46;0;
991;53638.64;44;109.47;0;
992;49264.58;58;3051.57;0;
993;63114.49;48;11890.75;0;
994;58165.5;45;4155.72;0;
995;43029.8;27;6894.16;1;
996;21593.62;51;458.09;0;
997;49104.76;35;9452.21;0;
998;65776.23;39;2805.86;0;
999;36192.14;21;7236.17;1;
1000;62165.86;19;4739.94;0;
1001;50793.35;41;421.64;0;
1002;62422.2;32;2841.63;0;
1003;63166.99;56;4058.78;0;
1004;23717.56;49;1530.09;0;
1005;66797.66;21;11921.19;1;
1006;30272.2;19;1440.07;0;
1007;55741.19;52;3181.78;0;
1008;30742.57;26;5685.65;1;
1009;20491.56;35;1579.16;0;
1010;35620.41;40;3611.29;0;
1011;50206.13;33;5826.46;0;
1012;67935.45;60;8267.32;0;
1013;59223.39;22;3901.4;0;
1014;32657.26;32;1796.27;0;
1015;55931.65;23;4053.51;0;
1016;23694.77;22;764.29;0;
1017;44324.28;23;2672.69;0;
1018;34735.49;62;1402.21;0;
1019;67064.34;22;1091.62;0;
1020;42761.49;45;610.65;0;
1021;49517.72;31;7337.95;1;
1022;54372.18;29;839.12;0;
1023;29941.96;48;3170.04;0;
1024;68414.12;51;6154.05;0;
1025;23891.24;51;3475.9;0;
1026;47187.57;24;7933.46;1;
1027;39819.92;63;3577.44;0;
1028;50632.27;53;1262.35;0;
1029;39970.21;40;7867.61;0;
1030;55176.13;49;7822.93;0;
1031;50533.57;56;117.71;0;
1032;52983.87;42;5567.94;0;
1033;31187.66;30;593.12;0;
1034;34909.98;25;2852.37;0;
1035;53810.84;51;9154.47;0;
1036;55478.96;53;6227.54;0;
1037;60394.09;57;8293.57;0;
1038;36845.73;51;1790.01;0;
1039;60264.94;54;2241.38;0;
1040;52981.5;18;3759.93;0;
1041;50222.76;21;8734.74;1;
1042;59256.55;38;9812.97;0;
1043;43203.41;40;7730.72;0;
1044;46288.75;23;6053.79;1;
1045;58176.15;52;9852.14;0;
1046;25631.43;47;4778.7;0;
1047;58977.99;30;9442.01;1;
1048;25048.01;54;2341.36;0;
1049;33436.48;34;5473.98;1;
1050;23787.36;36;3041.55;0;
1051;69456.56;48;13190.36;0;
1052;65447.61;39;3269.53;0;
1053;68743.35;56;2290.2;0;
1054;36052.57;49;2830.17;0;
1055;24820.79;38;51.94;0;
1056;26046.38;54;4669.45;0;
1057;60850.8;59;7206.85;0;
1058;69929.01;51;12427.83;0;
1059;53298.49;56;2106.7;0;
1060;48818.38;49;2312.42;0;
1061;38042.08;32;3495.85;0;
1062;42119.82;60;1930.56;0;
1063;62247.87;39;1870.71;0;
1064;62252.08;28;1699.68;0;
1065;36973.08;38;4144.44;0;
1066;54217.23;26;8836.77;1;
1067;44218.76;58;1693.92;0;
1068;33274.05;23;2244.88;0;
1069;54656.54;18;9911.13;1;
1070;67593.51;25;9864.07;1;
1071;39472.7;42;596.48;0;
1072;30572.44;48;1847.09;0;
1073;50447.69;58;2443.76;0;
1074;49198.65;49;483.62;0;
1075;53768.22;25;3696.95;0;
1076;52809.54;61;6276.83;0;
1077;38011.72;19;4625.19;1;
1078;58910.29;31;3671.92;0;
1079;57914.73;50;6715.85;0;
1080;39494.76;28;3544.15;0;
1081;45918.87;38;1910.32;0;
1082;55649.05;19;7660.34;1;
1083;27136.62;18;2253.19;0;
1084;62724.63;39;9255.13;0;
1085;32921.84;43;2553.21;0;
1086;28482.64;19;329.45;0;
1087;44170.22;24;2168.75;0;
1088;60664.37;22;5873.41;0;
1089;64501.93;33;12147.31;1;
1090;28237.51;50;2728.18;0;
1091;67420.59;21;3668.99;0;
1092;55642.99;38;2841.69;0;
1093;56086.05;34;3990.85;0;
1094;57676.73;20;10504.66;1;
1095;62535.63;39;9490.26;0;
1096;60686.76;48;10614.13;0;
1097;25032.3;46;680.9;0;
1098;22228.34;33;2187.21;0;
1099;41435.15;34;3702.17;0;
1100;43955.4;51;7833.47;0;
1101;60063.69;59;6766.29;0;
1102;34635.74;18;4859.23;1;
1103;63944.32;32;12213.94;1;
1104;35403.42;34;2929.35;0;
1105;53654.07;44;6587.77;0;
1106;23508.23;52;4622.84;0;
1107;61869.46;36;1040.49;0;
1108;20674.89;23;299.82;0;
1109;22127.92;61;1777.82;0;
1110;27408.72;37;2591.02;0;
1111;60720.79;38;3278.17;0;
1112;34760.01;34;28.88;0;
1113;23057.36;46;2487.16;0;
1114;42380.99;35;6832.68;0;
1115;37887.54;24;5061.77;1;
1116;39988.74;54;357.08;0;
1117;25026.5;62;3845.74;0;
1118;43588.08;40;6453.05;0;
1119;20897.42;28;2940.42;1;
1120;24904.62;53;3376.9;0;
1121;66068.63;35;5626.86;0;
1122;36126.23;40;3805.8;0;
1123;23626.72;34;2173.76;0;
1124;30200.24;62;4871.67;0;
1125;65569.78;62;12494.26;0;
1126;20617.26;46;2224.06;0;
1127;25817.45;21;3682.86;1;
1128;21448.82;31;1989.18;0;
1129;69370.17;52;4605.91;0;
1130;34145.79;31;4074.95;0;
1131;52651.25;57;6529.01;0;
1132;40069.33;43;3646.05;0;
1133;39246.54;48;919.11;0;
1134;56233.78;57;9642.09;0;
1135;49264.26;19;801.77;0;
1136;30451.63;42;475.42;0;
1137;28726.99;34;3675.83;1;
1138;20113.25;30;2507.64;1;
1139;43434.77;52;3672.1;0;
1140;59208.71;30;11479.43;1;
1141;69310.95;42;1590.32;0;
1142;60567.42;40;571.93;0;
1143;22048.89;53;4199.02;0;
1144;66733.71;52;5366.64;0;
1145;22209;22;4096.78;1;
1146;49032.66;54;1777.95;0;
1147;26558.36;57;22.32;0;
1148;49255.45;36;4951.91;0;
1149;30218.15;48;5914.51;0;
1150;56317.08;24;8045.44;1;
1151;53825.43;45;431.45;0;
1152;34927.99;54;1957.05;0;
1153;53287.38;59;4432.66;0;
1154;32032.55;50;4582.93;0;
1155;48405.72;47;3766.61;0;
1156;46132.91;26;3216.49;0;
1157;29049.07;57;2562.69;0;
1158;68550.68;19;3879.67;0;
1159;47474.81;37;5083.72;0;
1160;50021.65;23;1054.26;0;
1161;64089.13;37;6272.78;0;
1162;28451.7;41;1042.85;0;
1163;58132.47;29;5491.03;0;
1164;30961.16;32;162.79;0;
1165;64162.64;53;6938.01;0;
1166;67470.11;52;12715.29;0;
1167;68263.76;42;4124.33;0;
1168;42889.33;57;6340.7;0;
1169;20155.79;41;3489.95;0;
1170;58178.61;49;10948.49;0;
1171;45735.45;52;2944.53;0;
1172;30037.2;38;1247.01;0;
1173;64392.51;37;4513.24;0;
1174;26291.37;52;1094.17;0;
1175;36008.38;20;3709.3;0;
1176;54953.97;44;365.64;0;
1177;28753.32;49;4990.36;0;
1178;41993.98;36;6644.34;0;
1179;56696.45;57;9686.63;0;
1180;51906.04;36;10235.27;0;
1181;30939.39;47;6115.82;0;
1182;38520.72;56;4176.94;0;
1183;33489.03;25;3581.65;0;
1184;52836;38;5671.64;0;
1185;51733.28;24;7906.14;1;
1186;41273.77;32;3299.88;0;
1187;68223.68;28;7364;0;
1188;28222.87;40;613.24;0;
1189;21921.36;62;1901.14;0;
1190;38852.93;27;7513.18;1;
1191;59621.36;54;7014.62;0;
1192;41377.74;45;5324.04;0;
1193;54405.62;57;6253.2;0;
1194;60103.01;56;2632.26;0;
1195;67528.65;52;7877.41;0;
1196;61156.93;31;3250;0;
1197;42955.69;45;2962.82;0;
1198;46923.04;36;3107.88;0;
1199;24951.25;62;2544.35;0;
1200;26267.52;34;59.46;0;
1201;64603.92;33;11264.69;1;
1202;34667.02;18;2827.28;0;
1203;66008.39;19;9189.61;1;
1204;45840.2;32;5299.23;0;
1205;32188.01;49;4659.95;0;
1206;50289.66;24;6127.38;1;
1207;36837.53;54;1598.18;0;
1208;28852.03;44;5705.98;0;
1209;68127.16;47;12099.97;0;
1210;41349.12;53;8083.23;0;
1211;69132.46;33;7621.41;0;
1212;38477.32;27;289.57;0;
1213;68291.15;46;9577.95;0;
1214;58074.6;59;8551.25;0;
1215;26867.1;32;1730.15;0;
1216;32348.45;59;3229.82;0;
1217;31044.39;49;4465.87;0;
1218;29279.74;18;2291.98;0;
1219;35145.1;47;510.73;0;
1220;44405.28;34;3917.87;0;
1221;42059.63;55;5310.27;0;
1222;28612.2;58;4948.48;0;
1223;46546.7;60;254.84;0;
1224;22832.32;32;3318.4;1;
1225;21565.92;44;4136.76;0;
1226;26078.21;31;3665.88;1;
1227;60503.54;20;6766.53;0;
1228;31233.3;41;1662.45;0;
1229;34505.8;49;2151.69;0;
1230;35485.11;47;2482.04;0;
1231;45986.35;20;7112.92;1;
1232;43308.17;34;6777.19;1;
1233;53284.11;32;849.54;0;
1234;68398.28;36;8106.85;0;
1235;64743.7;56;4304.92;0;
1236;68412.6;28;551.84;0;
1237;59695.1;27;8889.92;1;
1238;32406.57;20;3394.65;0;
1239;33184.19;60;4580.09;0;
1240;47688.25;34;1377.01;0;
1241;42591.59;45;4602.24;0;
1242;34051.52;35;6224.15;0;
1243;61800.03;29;9143.61;1;
1244;45360.71;27;4569.99;0;
1245;20252.12;27;3360.05;1;
1246;30134.7;43;958.99;0;
1247;56217.32;51;2866.58;0;
1248;31722.73;34;2877.75;0;
1249;60178.44;33;3203.61;0;
1250;51144.24;37;3411.65;0;
1251;22449.07;35;1187.42;0;
1252;44932.87;27;622.91;0;
1253;40929.48;20;2352.28;0;
1254;31092.26;43;5617.99;0;
1255;44743.55;53;2574.7;0;
1256;60770.22;33;2242.82;0;
1257;43528.48;59;2264.72;0;
1258;25008.94;63;2941.02;0;
1259;47433.41;60;9139.14;0;
1260;50064.34;29;417.63;0;
1261;60348.41;60;3037.96;0;
1262;67471.12;26;4448.41;0;
1263;30492.87;61;4834.73;0;
1264;25640.07;22;3105.44;1;
1265;55040.75;52;8352.06;0;
1266;34476.7;23;898.13;0;
1267;23345.86;38;4548.11;0;
1268;24426.02;34;823.83;0;
1269;65849.88;30;5051.3;0;
1270;60454.52;41;7875.07;0;
1271;22680.31;55;1743.77;0;
1272;44471.87;19;5883.66;1;
1273;46572.32;59;721.34;0;
1274;24369.84;61;1366.53;0;
1275;56830.27;37;10462.74;0;
1276;46942.99;55;2187.06;0;
1277;42521.79;54;6745.81;0;
1278;63188.32;51;3960.85;0;
1279;29410.17;23;812.32;0;
1280;46668.62;57;1833.48;0;
1281;62693.26;22;5321.71;0;
1282;65307.12;23;1906.79;0;
1283;59589.06;20;4191.71;0;
1284;41019.54;23;3005.82;0;
1285;48058.87;47;6527.99;0;
1286;50208.53;35;729.6;0;
1287;62526.88;61;5835.54;0;
1288;48192.18;29;5026.47;0;
1289;30884.05;31;4099.9;1;
1290;36965.74;53;6333.39;0;
1291;43536.03;27;6427.72;1;
1292;69181.66;39;1173.74;0;
1293;64233.04;26;12104.53;1;
1294;52593.51;19;811.9;0;
1295;32282.25;42;3345.94;0;
1296;54077.84;57;7149.06;0;
1297;51595.35;28;385.4;0;
1298;23097.37;53;4517.57;0;
1299;27407.05;26;2949.93;0;
1300;64395.29;63;10054.63;0;
1301;60432.21;41;6300.86;0;
1302;42990.98;29;4665.58;0;
1303;41581.88;22;7895.11;1;
1304;53289.06;47;8047.14;0;
1305;22372.5;31;1118.92;0;
1306;57119.73;22;10211.72;1;
1307;31112.05;49;424.35;0;
1308;68936.32;43;11073.15;0;
1309;20436.33;56;2356.18;0;
1310;20583.61;21;53.18;0;
1311;58988.3;19;4728.25;0;
1312;45311.83;26;3103.81;0;
1313;60856.83;37;10238.49;0;
1314;45818.28;48;8137.16;0;
1315;20904.55;41;2606.02;0;
1316;49908.29;29;2903.03;0;
1317;55988.29;31;7745.75;1;
1318;62125.25;21;5700.45;0;
1319;48822.72;60;599.34;0;
1320;29976.82;57;3796.03;0;
1321;41944.26;61;1203.7;0;
1322;36970.36;33;1268.5;0;
1323;39992.71;20;4999.2;1;
1324;42450.54;61;6210.28;0;
1325;42146.93;23;7367.25;1;
1326;52841.51;18;5957.38;0;
1327;66418.95;62;9340.54;0;
1328;44047.66;27;2096.91;0;
1329;24821.21;19;874.32;0;
1330;35583.61;63;27.25;0;
1331;25289.6;21;2130.79;0;
1332;39770.12;45;280.87;0;
1333;59511.13;29;2520.51;0;
1334;51211.65;45;4093.36;0;
1335;56530.49;45;5957.99;0;
1336;42604.46;41;7942.16;0;
1337;66642;56;4958.06;0;
1338;35527.83;47;325.11;0;
1339;66896.76;31;387.39;0;
1340;51980.35;35;6243.04;0;
1341;40081.42;43;770.77;0;
1342;50167.67;42;5592.65;0;
1343;39545.95;43;5787.65;0;
1344;43372.39;55;474.52;0;
1345;33084.16;59;5762.46;0;
1346;53187.97;63;4879.84;0;
1347;48290.88;30;4902.97;0;
1348;66078.76;45;3664.62;0;
1349;51547.16;53;6563.41;0;
1350;39393.14;52;5415.05;0;
1351;69592.01;63;13025.05;0;
1352;54588.5;31;2847.81;0;
1353;44964.01;48;693.21;0;
1354;46081.64;50;1487.78;0;
1355;45564.01;22;715.83;0;
1356;62657.6;28;5771.08;0;
1357;67921.63;35;1399.87;0;
1358;59514.01;57;2504.72;0;
1359;48422.53;41;3520.56;0;
1360;22001.31;31;2155.81;0;
1361;52529.69;18;9808.19;1;
1362;24061.46;34;3980.57;1;
1363;23450.87;34;1419.8;0;
1364;32866.57;44;6037;0;
1365;30958.9;43;1558.93;0;
1366;27550.89;29;3944.21;1;
1367;36024.93;51;4155.44;0;
1368;46801.27;34;5315.97;0;
1369;27082.71;60;4990.55;0;
1370;65435.03;19;12727.99;1;
1371;59295.74;51;493.71;0;
1372;45435.26;21;2143.38;0;
1373;61742.6;34;326.98;0;
1374;31396.86;34;3719.23;0;
1375;35916.7;53;6401.18;0;
1376;43969.6;25;7455.92;1;
1377;60624.81;39;6740.71;0;
1378;69939.32;55;2225.22;0;
1379;69755.32;44;13766.05;0;
1380;69478.39;22;10229.4;1;
1381;34192.16;27;5233.66;1;
1382;57457.85;50;3608.8;0;
1383;63910.33;56;8986.71;0;
1384;26643.8;19;1413.78;0;
1385;23985.07;24;2284.2;0;
1386;63660.64;50;7832.57;0;
1387;44102.33;21;842.56;0;
1388;29409.8;41;3388.56;0;
1389;49294.65;37;4574.85;0;
1390;39553.64;53;7063.89;0;
1391;68583.04;57;2922.28;0;
1392;31060.6;53;3729.97;0;
1393;29190.32;60;5239.59;0;
1394;63437.7;54;11963.36;0;
1395;35243.06;35;748.94;0;
1396;36475.35;63;413.31;0;
1397;63271.6;23;11298.17;1;
1398;45540.32;59;1490.47;0;
1399;68565.38;21;1231.53;0;
1400;20063.09;24;2495.13;1;
1401;44222.26;55;7443.48;0;
1402;67839.24;47;5609.32;0;
1403;54009.69;49;884.73;0;
1404;52234.07;47;9255.84;0;
1405;28423.13;61;5282.84;0;
1406;52623.43;50;1156.31;0;
1407;25636.33;55;1239.68;0;
1408;60842.94;60;6608.96;0;
1409;36727.74;58;7287.54;0;
1410;63830.74;35;5271.62;0;
1411;43108.41;22;647.87;0;
1412;25285.26;19;1027.57;0;
1413;57646.24;62;1452.49;0;
1414;51027.56;61;3313.3;0;
1415;37389.77;34;7365.93;1;
1416;65017.59;26;1017.16;0;
1417;20595.93;45;1330.06;0;
1418;56445.47;55;6875.57;0;
1419;60864.32;44;3704.03;0;
1420;51231.01;62;813.02;0;
1421;41103.13;63;3644.3;0;
1422;56267.05;43;8238.11;0;
1423;20774.84;35;1347.33;0;
1424;46424.22;59;4087.18;0;
1425;29909.55;62;4495.27;0;
1426;62808.5;56;6465.75;0;
1427;41243.8;52;4161.57;0;
1428;46089.14;63;1618.21;0;
1429;69191.23;57;6270.57;0;
1430;60846.66;32;8974.49;1;
1431;66558.93;48;3090.99;0;
1432;27428.28;54;1287.63;0;
1433;60912.79;60;3870.33;0;
1434;28127.5;41;3279.55;0;
1435;64029.54;36;1644.33;0;
1436;61836.73;29;10971.97;1;
1437;37005.07;58;1068.88;0;
1438;56003.57;18;3639.9;0;
1439;58038.92;54;538.23;0;
1440;29237.25;24;23.91;0;
1441;33265.79;21;5968.44;1;
1442;66236.92;35;2756.97;0;
1443;41978.71;52;1603.92;0;
1444;63453.22;23;10668.36;1;
1445;24985.59;50;2017.13;0;
1446;53593.11;62;1428.18;0;
1447;54179.72;52;10028.01;0;
1448;20126.41;36;1432.35;0;
1449;51180.83;56;2875.44;0;
1450;36455.7;38;3437.07;0;
1451;39188.94;22;3545.16;0;
1452;47852.92;38;3295.32;0;
1453;20014.48;43;2426.3;0;
1454;28630;27;4406.99;1;
1455;66688.91;48;9690.3;0;
1456;53226.19;43;5686.64;0;
1457;35609.47;47;2574.09;0;
1458;64065.68;43;771.71;0;
1459;54935.65;42;7921.83;0;
1460;67800.58;28;5035.13;0;
1461;46893.33;43;9131.86;0;
1462;54648.96;56;10674.77;0;
1463;31410.5;36;5797.29;0;
1464;36989.58;33;556.55;0;
1465;33198.12;30;4285.38;1;
1466;47704.38;21;2717.07;0;
1467;30569.57;37;4752.55;0;
1468;61398.68;63;9008.15;0;
1469;67750.82;33;6855.98;0;
1470;47637.86;51;6708.67;0;
1471;38357.51;25;2548.41;0;
1472;43156.3;27;2413.01;0;
1473;41101.54;35;5240.11;0;
1474;59475.49;36;2628.26;0;
1475;40708.91;32;5532.34;1;
1476;30391.47;59;2072.63;0;
1477;46024.14;24;4318.37;0;
1478;66529.48;59;6337.67;0;
1479;68115.98;37;7458.55;0;
1480;38423.08;29;3676.56;0;
1481;33227.28;23;6470.41;1;
1482;61674.45;54;4054.55;0;
1483;26931.06;41;3668.64;0;
1484;60040.99;44;2659.69;0;
1485;26181.24;42;2618.97;0;
1486;61552.21;61;4042.53;0;
1487;29705.07;41;1912.2;0;
1488;53934.81;21;2085.81;0;
1489;23007.38;48;2296.79;0;
1490;48552.84;29;5650.88;0;
1491;66370.88;63;5176.36;0;
1492;49140.26;43;8832.65;0;
1493;39684.98;33;2590.92;0;
1494;32025.4;37;217.48;0;
1495;55568.17;42;6114.86;0;
1496;45898.51;24;5617.17;1;
1497;39217.9;30;864.62;0;
1498;34070.6;27;1401.68;0;
1499;66768.36;49;4255.36;0;
1500;31400.85;62;4464.4;0;
1501;49335.75;43;2549.62;0;
1502;51774.05;47;1508.76;0;
1503;43064.64;43;787.04;0;
1504;41226.13;49;2155.66;0;
1505;43044.51;60;1661.71;0;
1506;33546.29;54;5347.29;0;
1507;69209.33;26;6284.83;0;
1508;32291.54;39;277.38;0;
1509;66274.07;21;11576.54;1;
1510;34102.79;42;1269.25;0;
1511;21144.56;21;703.36;0;
1512;41049.97;49;5890.11;0;
1513;36351.27;33;6619.83;1;
1514;63144.45;32;812.57;0;
1515;32086.91;28;6362.39;1;
1516;28873.16;62;992.57;0;
1517;65359.29;18;7707.24;0;
1518;49064.28;43;5636.35;0;
1519;23763.06;39;2950.31;0;
1520;51845.94;43;8750.83;0;
1521;67035.32;46;11276.62;0;
1522;49240.76;53;8004.35;0;
1523;36132.32;18;3009.39;0;
1524;67006.8;36;3692.16;0;
1525;39453.64;32;436.93;0;
1526;52205.6;24;1135.15;0;
1527;46319.41;45;1523.07;0;
1528;29398.72;41;4673.76;0;
1529;31135.6;19;2457.91;0;
1530;65603.81;19;11775.35;1;
1531;41362.5;44;607.96;0;
1532;60302.55;52;6509.69;0;
1533;54468.27;23;68.62;0;
1534;47683.71;32;4752.28;0;
1535;38160.11;31;3429.9;0;
1536;22925.81;34;2547.27;0;
1537;64087.85;38;722.51;0;
1538;65824.51;40;2643.1;0;
1539;53451.93;49;10529.72;0;
1540;36455.48;35;2464.16;0;
1541;39573.34;29;5785.88;1;
1542;41052.36;49;4652.95;0;
1543;37895.18;54;6071.34;0;
1544;44827.23;56;2639.91;0;
1545;28341.08;39;2248.24;0;
1546;56887.2;36;10969.59;0;
1547;25146.59;21;2890.65;0;
1548;54739.16;28;7218.96;1;
1549;30497.2;28;4573.59;1;
1550;25358.89;41;2220.22;0;
1551;29993.56;49;2749.58;0;
1552;64675.77;30;4628.6;0;
1553;56256.03;22;5452.24;0;
1554;31702.33;28;3587.72;0;
1555;34113.11;30;6360.15;1;
1556;44666.01;54;7548.44;0;
1557;39421.36;26;6111.96;1;
1558;21683.19;46;339.59;0;
1559;65697.59;36;5644.65;0;
1560;68657.78;35;2427.94;0;
1561;66981.41;27;6678.56;0;
1562;45971.13;27;4776.49;0;
1563;42965.99;45;8109.05;0;
1564;50895.81;18;5556.83;0;
1565;46175.03;36;1064.08;0;
1566;44984.89;51;4584.61;0;
1567;66941.86;22;12380.62;1;
1568;31022.14;39;6144.93;0;
1569;46583.19;32;6241.27;1;
1570;56201.84;43;8346.32;0;
1571;31587.06;56;2677.82;0;
1572;40716.19;25;2389.7;0;
1573;64966.06;28;11495.73;1;
1574;68503.2;19;3580.46;0;
1575;33867.5;30;5714.02;1;
1576;54195.01;39;6649.8;0;
1577;50565.33;62;693.19;0;
1578;57216.1;31;3554.38;0;
1579;29849.96;39;3678.89;0;
1580;29072.15;38;1589.43;0;
1581;29775.14;21;3327.23;0;
1582;46672.71;54;1408.49;0;
1583;66393.71;58;9540.41;0;
1584;29338.25;25;5120.4;1;
1585;67289.58;26;13376.79;1;
1586;45980.33;31;5929.09;1;
1587;34163.62;45;6617.4;0;
1588;52216.81;23;6803.33;1;
1589;62313.27;60;925.79;0;
1590;49205.63;24;3393.85;0;
1591;65688.73;24;3673.87;0;
1592;43489.82;51;6501.04;0;
1593;40966.67;46;2393.52;0;
1594;37261.44;23;2075.51;0;
1595;58775.4;45;5673.59;0;
1596;39395.83;36;7557.87;0;
1597;21144.16;58;987.79;0;
1598;33126.13;50;4169.99;0;
1599;30931.5;35;1074.78;0;
1600;31936.94;59;4087.99;0;
1601;38157.02;51;5628.01;0;
1602;21032.81;30;4024.08;1;
1603;50238.53;34;2567.61;0;
1604;67346.66;34;6752.12;0;
1605;33261.64;18;586.65;0;
1606;53113.03;59;10080.52;0;
1607;42749.99;56;4626.53;0;
1608;42108.19;26;1020.97;0;
1609;61344.53;20;7172.65;0;
1610;54738.68;26;6210.72;0;
1611;69695.15;26;8418.25;1;
1612;62507.35;27;6590.77;0;
1613;61922.77;24;1933.08;0;
1614;58023.72;42;2785.77;0;
1615;27010.88;36;2373.17;0;
1616;21194.61;25;1102.84;0;
1617;68338.09;34;12840.69;1;
1618;67772.79;41;5037.93;0;
1619;67131.8;58;2271.4;0;
1620;33159.21;42;2135.53;0;
1621;66087.08;51;11039.28;0;
1622;60362.34;24;10306.7;1;
1623;54609.46;18;5618.2;0;
1624;63637.28;26;9955.22;1;
1625;40918.57;37;3813.69;0;
1626;51486.13;33;3955.11;0;
1627;44896.25;48;3787.63;0;
1628;24877.68;29;1546.42;0;
1629;52263.35;34;10161.94;1;
1630;42775.52;39;6145.98;0;
1631;67064.01;18;8945.28;1;
1632;50307.94;51;7207.94;0;
1633;37432.68;22;4445.5;0;
1634;30084.15;18;737.25;0;
1635;61427.41;20;2163.31;0;
1636;54718.85;29;2883.28;0;
1637;47923.57;57;6931.71;0;
1638;22880.72;18;1909.21;0;
1639;46118.55;23;2728.31;0;
1640;35082.38;41;2918.47;0;
1641;38387.32;30;6453.5;1;
1642;57413.57;43;9421.29;0;
1643;28198.09;62;4370.79;0;
1644;50117.85;32;3599.06;0;
1645;34876.33;53;3102.34;0;
1646;64126.49;19;4956.94;0;
1647;41916.69;48;6106.1;0;
1648;50052.29;27;5589.32;0;
1649;39158.91;41;6887.73;0;
1650;62219.03;19;5831.52;0;
1651;67151.31;51;3941.69;0;
1652;46166.16;25;901.75;0;
1653;23881.78;32;1190.63;0;
1654;48445.11;38;8733.44;0;
1655;32441.65;58;840.71;0;
1656;33820.18;61;4342.17;0;
1657;61812.9;52;3124.31;0;
1658;25347.57;61;2188.5;0;
1659;33965.52;43;3123.89;0;
1660;23641.7;56;4203.5;0;
1661;50660.9;52;7511;0;
1662;44037.24;58;5269.51;0;
1663;51657.12;35;609.35;0;
1664;46573.24;53;5533.29;0;
1665;26922.46;44;3950;0;
1666;48414.25;21;2105.7;0;
1667;43974.84;47;8371.49;0;
1668;65913.83;22;12972.41;1;
1669;64715.99;60;11173.8;0;
1670;25481.98;48;4005.81;0;
1671;54170.53;37;1048.93;0;
1672;51653.7;19;1853.41;0;
1673;66054.5;39;10321.09;0;
1674;60019.44;19;6978.34;0;
1675;31523.95;62;5697.02;0;
1676;65660.94;22;93.15;0;
1677;61893.48;19;6038.16;0;
1678;49230.09;47;8375.72;0;
1679;38337.82;55;5691.09;0;
1680;64016.43;44;10048.39;0;
1681;46308.64;40;6815.48;0;
1682;66209.14;45;7134.65;0;
1683;47770.71;33;5366.86;0;
1684;29856.48;18;4731.81;1;
1685;21451.49;52;1719.03;0;
1686;59673.17;57;7533.67;0;
1687;47481.42;20;9402.87;1;
1688;36219.77;56;4280.79;0;
1689;59458.7;56;1513.32;0;
1690;67010.84;51;11646.91;0;
1691;58693.41;27;4033.15;0;
1692;43041.04;46;2245.5;0;
1693;31920.41;52;217.18;0;
1694;32771.12;58;1853.68;0;
1695;55487.14;32;178.69;0;
1696;68406.8;46;2491.46;0;
1697;37277.12;28;4242.64;0;
1698;39762.52;25;3809.34;0;
1699;41674.24;54;3203.2;0;
1700;25789.74;45;4442.33;0;
1701;24575.05;36;1667.74;0;
1702;58082.36;60;9175.66;0;
1703;67881.88;53;10503.57;0;
1704;50115.05;26;3447;0;
1705;40443.2;33;1857.25;0;
1706;65824.83;19;154.94;0;
1707;51199.86;22;4064.81;0;
1708;67032.28;44;5487.82;0;
1709;42205.68;23;2444.73;0;
1710;37730.36;52;5273.55;0;
1711;47398.31;50;9041.87;0;
1712;48933.2;50;5071.37;0;
1713;53078.85;49;10566.35;0;
1714;53236.99;57;703.6;0;
1715;58121.95;58;5161.1;0;
1716;57261.15;40;2527.75;0;
1717;52102.59;19;8799.81;1;
1718;45165.92;37;5534.55;0;
1719;58809.29;37;5470.58;0;
1720;36598.34;41;6849.29;0;
1721;62096.28;25;8034.74;1;
1722;68114.07;47;4325.09;0;
1723;67978.46;23;7382.5;0;
1724;26615.52;53;3458.19;0;
1725;51254.37;50;8747.2;0;
1726;34428.97;27;6016.61;1;
1727;60974.58;33;6165.65;0;
1728;63330.73;30;5170.89;0;
1729;58168.47;27;2935.36;0;
1730;59579.6;51;2319.36;0;
1731;52219.89;47;6560.46;0;
1732;28700.87;28;5090.31;1;
1733;27193.74;21;4518.85;1;
1734;67417.57;29;6478.4;0;
1735;57341.43;23;784.89;0;
1736;64056.53;48;5982.8;0;
1737;66370.69;38;5906.03;0;
1738;45045.43;58;8489.4;0;
1739;58609.13;22;4270.53;0;
1740;53289.06;32;7395.51;1;
1741;60309.32;34;2343.07;0;
1742;45139.48;19;1743.69;0;
1743;22815.64;61;2749.07;0;
1744;45215.01;27;383.85;0;
1745;40568.07;35;5990.31;0;
1746;43721.25;55;5923.39;0;
1747;38129.75;19;3964.72;0;
1748;22547.96;57;2957.29;0;
1749;57468.05;62;8452.95;0;
1750;25534.67;37;1084.96;0;
1751;26325.5;56;3336.13;0;
1752;65913.83;36;11738.91;0;
1753;67119.13;18;2725.24;0;
1754;62020.46;56;114.2;0;
1755;37965.84;27;299.05;0;
1756;62114.85;30;12115.89;1;
1757;36871.06;46;792.71;0;
1758;65030.9;36;2231.97;0;
1759;23193.6;41;548.59;0;
1760;59568.62;40;7685.32;0;
1761;50527.58;26;5639.24;0;
1762;60776.11;34;10382.43;1;
1763;61632.28;34;3028.59;0;
1764;45930.45;49;7765.25;0;
1765;25857.76;41;1810.23;0;
1766;55093.92;55;6485.3;0;
1767;42301.33;19;1480.61;0;
1768;51903.53;59;8807.86;0;
1769;64398.14;35;1674.9;0;
1770;41089.51;57;997.18;0;
1771;36727.55;24;794.55;0;
1772;38163.39;63;454.3;0;
1773;35949.89;56;3680.17;0;
1774;44979.8;32;6045.08;1;
1775;48211.58;30;2606.12;0;
1776;28267.08;54;965.37;0;
1777;33816.22;60;5265.74;0;
1778;33078.99;36;6278.31;0;
1779;36019.81;42;2987.96;0;
1780;34238.53;63;6002.93;0;
1781;62064.52;22;2972.38;0;
1782;44867.61;55;366.1;0;
1783;37162.88;28;3110.53;0;
1784;65680.94;62;8838.23;0;
1785;58772.85;46;7048;0;
1786;32435.24;43;5685.4;0;
1787;58028.21;50;5753.89;0;
1788;60595.27;62;4534.49;0;
1789;36565.8;19;1888.33;0;
1790;20742.69;61;2295.81;0;
1791;46666.63;18;7677.82;1;
1792;32203.56;61;838.02;0;
1793;36535.31;29;271.72;0;
1794;28163.29;58;2121.15;0;
1795;39019.35;31;3196.55;0;
1796;24709.08;54;1915.38;0;
1797;43052.96;31;488.93;0;
1798;25003.91;53;2183.71;0;
1799;46696.89;34;4732.49;0;
1800;50112.46;41;5067.03;0;
1801;43265.9;44;6194.07;0;
1802;67802.69;49;13443.47;0;
1803;55408.7;43;10300.28;0;
1804;67048.89;55;10839.91;0;
1805;40262.59;51;6535.85;0;
1806;46427.49;61;5671.45;0;
1807;46911.19;23;4263.85;0;
1808;57359.55;34;10011.41;1;
1809;34569.3;63;6254.52;0;
1810;52797.4;21;1080.42;0;
1811;56630.39;57;8442.89;0;
1812;45245.73;35;1974;0;
1813;20803.61;61;758.43;0;
1814;57717.6;48;3153.22;0;
1815;20647.88;20;725.45;0;
1816;59046.45;36;8237.04;0;
1817;62662.25;25;1965.92;0;
1818;33614.49;46;4837.78;0;
1819;48765.12;50;5183.85;0;
1820;57240.75;41;313.62;0;
1821;49973.66;43;363.89;0;
1822;41255.93;45;5296.9;0;
1823;61129.72;35;11302.76;0;
1824;48938.58;59;3028.83;0;
1825;68648.24;27;9425.7;1;
1826;41250.82;39;7651.57;0;
1827;22415.65;40;4371.71;0;
1828;24112.49;35;3285.49;0;
1829;41692.6;62;1708.71;0;
1830;23516.72;27;559.9;0;
1831;53812.22;44;3245.04;0;
1832;29750.29;45;3627.98;0;
1833;22633.67;37;553.52;0;
1834;28713.83;54;1936.81;0;
1835;63321.9;19;8092.98;1;
1836;35276.58;28;6820.31;1;
1837;35914.6;60;520.99;0;
1838;31568.14;63;5067.41;0;
1839;39934.06;31;184.74;0;
1840;48614.84;61;5984.95;0;
1841;29838.12;25;5913.64;1;
1842;57745.35;36;5540.46;0;
1843;44447.52;32;2714.4;0;
1844;51768;30;6632.03;1;
1845;34891.14;55;6152.31;0;
1846;45382.8;42;2742.45;0;
1847;40719.49;22;6415.08;1;
1848;55145.78;57;8968.67;0;
1849;48752.42;30;8934.78;1;
1850;55763.42;30;7913.83;1;
1851;36431.16;46;6783.36;0;
1852;40522.82;63;7720.78;0;
1853;42465.66;58;7314.97;0;
1854;38561.94;45;4831.11;0;
1855;54957.44;59;6976.46;0;
1856;24822.06;29;2361.16;0;
1857;25252.48;23;434.86;0;
1858;25671.74;18;2272.14;0;
1859;60672.14;43;6279.68;0;
1860;60729.94;40;5006.85;0;
1861;40240.72;26;7498.63;1;
1862;57513.81;33;6921.49;1;
1863;64287.39;45;6301.59;0;
1864;48428.03;33;7718.47;1;
1865;55313.83;25;9733.11;1;
1866;27045.39;50;2503.78;0;
1867;58216.07;27;9581.83;1;
1868;34722.96;22;4073.41;0;
1869;58503.77;42;7050.43;0;
1870;55299.78;62;8052.38;0;
1871;49501.9;50;2226.81;0;
1872;61765.7;59;3649.64;0;
1873;48430.99;18;6069.64;1;
1874;66366.95;41;465.01;0;
1875;55320.78;29;5990.71;0;
1876;48774.28;62;3728.48;0;
1877;61679.95;24;3060.03;0;
1878;61485.17;60;3211.67;0;
1879;24402.44;52;101.21;0;
1880;21258.9;54;706.61;0;
1881;48763.68;28;8172.05;1;
1882;24406.89;37;1733.4;0;
1883;61693.58;25;1568.86;0;
1884;22748.03;26;108.62;0;
1885;21479.94;24;1098.07;0;
1886;51286.65;45;1134.23;0;
1887;27153.66;48;3177.51;0;
1888;36370.49;39;2855.21;0;
1889;32400.54;61;3591.79;0;
1890;60434.16;63;2474.24;0;
1891;57303.47;52;10491.63;0;
1892;42994.68;36;4453.82;0;
1893;68339.8;23;2505.86;0;
1894;49292.3;20;967.13;0;
1895;57802.42;43;6796.59;0;
1896;50779.38;39;6859.83;0;
1897;35993.98;53;93.89;0;
1898;21771.12;33;350.44;0;
1899;61414.8;56;9743.6;0;
1900;35784.66;46;110.2;0;
1901;24791.18;39;4844.68;0;
1902;49048.75;52;6363.11;0;
1903;69852.05;62;9246.26;0;
1904;21217.74;21;2690.76;1;
1905;48031.06;43;7826.32;0;
1906;64072.31;61;2426;0;
1907;56689.46;41;5740.59;0;
1908;45769.25;55;8236.47;0;
1909;35020.48;24;6832.8;1;
1910;56751.92;59;7877.33;0;
1911;27363.63;44;3215.26;0;
1912;48455.71;27;1780.5;0;
1913;21424.09;36;1795.22;0;
1914;69992.33;41;52.87;0;
1915;68110.23;32;11029.66;1;
1916;48015.55;28;54;0;
1917;23102.21;35;1779.57;0;
1918;46134.85;54;8716.61;0;
1919;48547.96;56;1940.87;0;
1920;26095.02;58;5143.49;0;
1921;64057.84;59;5774.28;0;
1922;24454.19;52;864.96;0;
1923;40506.94;52;5961.53;0;
1924;43421.04;27;4705.75;0;
1925;55881.54;33;8383.07;1;
1926;45917.6;45;8253.27;0;
1927;52901.9;60;729.37;0;
1928;41183.82;56;7606.99;0;
1929;25379.91;24;4693.11;1;
1930;27514.08;36;192.14;0;
1931;44241.28;19;8733.17;1;
1932;29076.33;41;286.26;0;
1933;60536.91;32;3132.55;0;
1934;47881.95;38;5575.63;0;
1935;49144.37;51;1633.03;0;
1936;33707.8;59;321.57;0;
1937;46442.28;28;1484.56;0;
1938;25602.95;28;2214.92;0;
1939;61236.39;36;6562.9;0;
1940;48187.34;55;2003.41;0;
1941;29933.2;18;5953.52;1;
1942;41027.9;44;4369.21;0;
1943;49990.66;45;1896.75;0;
1944;59792.5;24;660.24;0;
1945;35879.51;41;5335.4;0;
1946;29102.22;27;1890.44;0;
1947;30047.81;51;5768.74;0;
1948;59299.16;36;4944.05;0;
1949;64484.01;33;1391.6;0;
1950;36352.42;43;6239.24;0;
1951;66034.75;60;3913.78;0;
1952;51650.27;40;3743;0;
1953;31898.15;41;2015.18;0;
1954;58780.23;18;5029.7;0;
1955;67754.1;42;2989.95;0;
1956;48500.26;61;7054.6;0;
1957;55704.79;48;5594.33;0;
1958;50458.95;52;9852.88;0;
1959;48263;28;7798.79;1;
1960;38755.16;56;4244.49;0;
1961;68131.66;57;7813.23;0;
1962;28991.42;37;1249.34;0;
1963;35108.55;40;4002.99;0;
1964;28858.59;23;3764.81;1;
1965;22800.79;28;3740.9;1;
1966;29572.97;39;5006.25;0;
1967;21982.01;34;4265.17;1;
1968;45576.83;38;4952.65;0;
1969;55068.66;51;4852.76;0;
1970;56441.01;43;9043.75;0;
1971;68047.92;47;4023.06;0;
1972;36275.73;30;644.38;0;
1973;52389.36;54;10398.82;0;
1974;23678.37;47;1779.81;0;
1975;37707.64;31;268.29;0;
1976;57753.56;54;5067.44;0;
1977;30529.96;47;6046.84;0;
1978;44022.26;31;1707.67;0;
1979;58533.88;40;7832.44;0;
1980;33702.53;48;922.03;0;
1981;40236.87;52;4354.31;0;
1982;62619.15;43;3959.61;0;
1983;50738.36;45;9719.56;0;
1984;64466.76;33;8537.36;1;
1985;64636.4;60;2583.1;0;
1986;22371.52;39;2291.85;0;
1987;67994.98;38;7289.01;0;
1988;49640;20;5760.85;0;
1989;42067.24;24;4601.6;0;
1990;43662.09;25;7269.59;1;
1991;34237.57;34;2658.09;0;
1992;26300.44;45;2317.39;0;
1993;30803.8;23;623.02;0;
1994;54421.41;26;3273.63;0;
1995;24254.7;37;2225.28;0;
1996;59221.04;48;1926.72;0;
1997;69516.12;23;3503.17;0;
1998;44311.44;28;5522.78;1;
1999;43756.05;63;1622.72;0;
2000;69436.57;56;7378.83;0;
